{"cameraMode":{"drawMode":0,"name":"Shaded","section":"Shading Mode"},"sceneLighting":true,"audioPlay":false,"sceneViewState":{"m_AlwaysRefresh":false,"showFog":true,"showSkybox":true,"showFlares":true,"showImageEffects":true,"showParticleSystems":true,"showVisualEffectGraphs":true,"m_FxEnabled":true},"in2DMode":false,"pivot":{"x":11.588916778564454,"y":-2.3407459259033205,"z":12.670804977416993},"rotation":{"x":0.11626454442739487,"y":0.8832869529724121,"z":-0.3358137905597687,"w":0.3058096468448639},"size":21.374401092529298,"orthographic":false}